start_words,end_words,words_hash,ref_text,ref_name
Transparency International,it is,Transparency International it is,"<ref>Transparify, [https://web.archive.org/web/20190103153936/https:/www.transparify.org/blog/2018/11/16/pressure-grows-on-uk-think-tanks-that-fail-to-disclose-their-funders Pressure grows on UK think tanks that fail to disclose their funders], 16 November 2018, accessed July 2019</ref>",none
Transparency Register.,As can,Transparency Register. As can,"<ref> EU Transparency Register, [https://web.archive.org/save/http:/ec.europa.eu/transparencyregister/public/consultation/displaylobbyist.do?id=2427500988-58 British American Tobacco], last modified 23 May 2018, accessed January 2019</ref>",none
"industry say"".",==List of,"industry say"". ==List of","<ref>Christopher Thompson,  [https://www.ft.com/content/bf180b30-74e5-11e1-a98b-00144feab49a Big Tobacco campaigns on freedom], ‘The Financial Times’, 6 April 2012, accessed July 2019</ref>",none
tobacco industry,. The,tobacco industry . The,"<ref>Factasia, [https://www.factasia.org/about-us/ About Us], website, undated, accessed July 2019</ref>",none
tobacco industry.,[[Philip Morris,tobacco industry. [[Philip Morris,"<ref>Editor, [https://www.tobaccoreporter.com/2013/11/factasia-org-to-lobby-for-smokers-rights/ Factasia.org to lobby for smokers’ rights],  ""Tobacco Reporter"", 25 November 2013, accessed July 2019</ref>",none
its funders.,Other supporters,its funders. Other supporters,"<ref name=supporters>Factasia, [https://web.archive.org/web/20190701085944/https://www.factasia.org/our-supporters/ Our Supporters], website, undated, accessed July 2019</ref>",supporters
plain packaging,’ and,plain packaging ’ and,"<ref>M.Boyer, [https://web.archive.org/web/20190709132305/https://thehill.com/opinion/civil-rights/365150-america-dont-buy-into-failed-plain-tobacco-packaging America, don’t buy into failed plain tobacco packaging], ‘’The Hill’, 15 December 2017, accessed July 2019</ref>",none
for women.,|- |},for women. |- |},"<ref>B.Wirtz, [https://web.archive.org/web/20180820220744/https://www.studentsforliberty.org/2017/01/30/tobacco-industry-women/ What the tobacco industry did for women], 30 January 2017, accessed July 2019</ref>",none
and stakeholders.,It has,and stakeholders. It has,"<ref>ALEC, [https://web.archive.org/web/20190724091628/https://www.alec.org/about/ About ALEC], website, undated, accessed July 2019</ref>",none
on this.,It has,on this. It has,"<ref>ALEC Exposed, [https://web.archive.org/web/20190724091822/https://www.alecexposed.org/w/images/d/db/6C0-Resolution_on_Plain_Packaging_Exposed.pdf ALEC exposed], ""Center for Media and Democracy"", undated, accessed July 2019</ref>",none
"firm Altria,",most recently,"firm Altria, most recently","<ref name = guardian>[https://web.archive.org/web/20190709135715/https://www.theguardian.com/world/ng-interactive/2019/jan/23/free-market-thinktanks-tobacco-control-polices-database Think tank database], ""Guardian"", 23 January 2019, accessed July 2019</ref>",guardian
in 2018.,| '''American,in 2018. | '''American,"<ref name=altriaeight>Altria, [https://web.archive.org/web/20190527134652/https://www.altria.com/Responsibility/Investing-In-Communities/Documents/GranteesList.pdf Altria Grantees List], website, undated, accessed July 2019</ref>",altriaeight
free society.”,Founded in,free society.” Founded in,"<ref>AEI, [http://www.aei.org/about/ About], website undated, accessed July 2019</ref>",none
that area,– and,that area – and,"<ref>S.Satel, [https://web.archive.org/web/20190702153218/https://www.aei.org/publication/big-tobacco-is-giving-away-money-researchers-should-take-it/ Big Tobacco is giving away money: researchers should take it], website, 8 December 2016, accessed July 2019</ref>",none
2011 to2018.,One of,2011 to2018. One of,"<ref name=altriaeight/> It has testified on behalf of IQOS before the the Food and Drug Administration  (FDA)and argued that tobacco taxes cause crime.<ref>R.Bate, [https://www.aei.org/publication/pakistans-tobacco-tax-folly/ Pakistan’s tobacco folly], website, 21 June 2018, accessed July 2019</ref>",altriaeight
[[Roger Bate]].,| '''Americans,[[Roger Bate]]. | '''Americans,"<ref>R.Bate. [https://www.aei.org/wp-content/uploads/2018/06/Large-Cigarette-Tax-Hikes-Illicit-Producers-and-Organized-Crime.pdf Large cigarette tax hikes, illicit producers and organized crime], June 2018, accessed July 2019</ref>",none
limited-government approach.,It was,limited-government approach. It was,"<ref>Americans for Prosperity Foundation, [https://americansforprosperity.org/about/ About], website, undated, accessed July 2019</ref>",none
from [[Altria]].,The Foundation,from [[Altria]]. The Foundation,"<ref>Altria, [https://web.archive.org/web/20130806092351/https://www.altria.com/Responsibility/Investing-In-Communities/Documents/Grant%20Recipients.pdf Grants Recipients 2012], website, accessed July 2019</ref>",none
the US.,|- |,the US. |- |,"<ref>A.Fallin, R. Grana and S.Glantz [https://tobaccocontrol.bmj.com/content/23/4/322#xref-ref-16-1 To quarterback behind the scenes, third-party efforts’: the tobacco industry and the Tea Party],  ""Tobacco Control"", Volume 23, Issue 4, accessed July 2019</ref>",none
a principle.,Founded in,a principle. Founded in,"<ref>Americans for Tax Reform, [https://www.atr.org/about About], website, undated, accessed July 2019</ref>",none
IQOS product.,ATR has,IQOS product. ATR has,"<ref>FDA, [https://www.regulations.gov/document?D=FDA-2017-D-3001-0070 Comment from ATR], 28 September 2017, accessed July 2019</ref>",none
in Ohio.,It was,in Ohio. It was,"<ref>Buckeye Institute, [https://www.buckeyeinstitute.org/about/ About], website, undated, accessed July 2019</ref>",none
than good.,. It,than good. . It,"<ref> L.Spitzwieser, [https://www.buckeyeinstitute.org/research/detail/increasing-the-cigarette-tax-will-send-ohios-budget-up-insmoke Increasing the cigarette tax will send Ohio’s budget up in smoke], 19 May 2017, accessed July 2019</ref>",none
ban legislation.,The Center,ban legislation. The Center,"<ref>Unknown,  [https://www.toledoblade.com/State/2009/09/20/Columbus-bar-files-lawsuit-against-smoking-ban.html Columbus bar files lawsuit against smoking ban],  ""The Blade"", 20 September 2009, accessed July 2019</ref>",none
tobacco farming.,<ref name=pra>[https://www.propertyrightsalliance.org/wp-content/uploads/2018/03/2018-Global-Plain-Packaging-Coalition-to-WHO.pdf,tobacco farming. <ref name=pra>[https://www.propertyrightsalliance.org/wp-content/uploads/2018/03/2018-Global-Plain-Packaging-Coalition-to-WHO.pdf,"<ref>C.Malcolm,  [https://www.taxpayer.com/commentaries/governments-addicted-to-revenues-should-crack-down-on-contraband-tobacco ONTARIO IS THE POSTER CHILD OF BAD TOBACCO POLICIES], website, 13 January 2014, accessed July 2019</ref>",none
July 2019</ref>,| [[Competitive,July 2019</ref> | [[Competitive,"<ref name=pra>[https://www.propertyrightsalliance.org/wp-content/uploads/2018/03/2018-Global-Plain-Packaging-Coalition-to-WHO.pdf Open Letter]  ""Property Rights Alliance"", 2018, accessed July 2019<</ref>",pra
to 2018.,|- |,to 2018. |- |,"<ref name=altriaeight/><ref name=guardian/> In 2015, then President John A Charles Jr testified before the state Senate that tobacco users had paid “more than their fair share” and did not deserve more taxes.<ref>State Leigislature, [https://olis.leg.state.or.us/liz/2015R1/Downloads/CommitteeMeetingDocument/52548 Testimony], website, 11 March 2015, accessed July 2019</ref>",altriaeight
from [[Altria]].,It has,from [[Altria]]. It has,"<ref>Altria, [https://web.archive.org/web/20140702102001/https://www.altria.com/Responsibility/Investing-In-Communities/Documents/2013GranteeList.pdf%20 Grantees List 2013], website, accessed July 2019</ref>",none
“strategic ally”.,| '''Center,“strategic ally”. | '''Center,"<ref>Unknown, [https://industrydocuments.library.ucsf.edu/tobacco/docs/fgcw0028 Third party message development contact list], ""Industry Documents Library"", October 1998, accessed July 2019</ref>",none
tobacco industry.,This group,tobacco industry. This group,"<ref>Altria,  [https://web.archive.org/web/20180111132730/https://www.altria.com/Responsibility/Investing-In-Communities/Documents/GranteesList.pdf Grantees List 2016], website, accessed July 2019</ref>",none
its website.,| '''Freedom,its website. | '''Freedom,"<ref>American Experiment, [ https://www.americanexperiment.org/?s=smoking&srch_sbmt=Search Search returns for smoking articles], undated, website, accessed July 2019</ref>",none
limited government.,It has,limited government. It has,"<ref>Freedom Foundation, [https://www.freedomfoundation.com/about/ About Us], website, undated, accessed July 2019</ref>",none
and 2013.,|- |,and 2013. |- |,"<ref>Altria, [https://web.archive.org/web/20140702102001/https://www.altria.com/Responsibility/Investing-In-Communities/Documents/2013GranteeList.pdf Grantees List 2013], website, accessed July 2019</ref>",none
tax increases,and editorialised,tax increases and editorialised,"<ref>Georgia Public Policy Foundation, [https://www.georgiapolicy.org/?s=smoking Articles on smoking], website, undated, accessed July 2019</ref>",none
of IQOS.,The Foundation,of IQOS. The Foundation,"<ref>B.Dodd, [https://web.archive.org/web/20190710130344/https://www.georgiapolicy.org/2018/01/technology-can-trump-tough-love/ Technology can trump tough love], website, 5 January 2018, accessed July 2019</ref>",none
from [[Altria]].,| '''Goldwater,from [[Altria]]. | '''Goldwater,"<ref>Altria, [https://web.archive.org/web/20180111132730/https://www.altria.com/Responsibility/Investing-In-Communities/Documents/GranteesList.pdf Grantees List 2016], website, accessed July 2018</ref>",none
industry funding,| '''Grassroot,industry funding | '''Grassroot,"<ref name = guardian/> and regularly campaigns against tobacco taxes and testified in favour of IQOS.<ref>FDA Hearing, [https://web.archive.org/web/20180821214811/https:/www.fda.gov/downloads/AdvisoryCommittees/CommitteesMeetingMaterials/TobaccoProductsScientificAdvisoryCommittee/UCM599235.pdf Transcript], p398, 25 January 2018, accessed July 2019</ref>",guardian
any evidence.,It has,any evidence. It has,"<ref>F.Nuar and M.LaFaive, [https://web.archive.org/web/20190701110023/https://www.grassrootinstitute.org/2011/11/legislators-should-cut-spending-instead-of-increasing-tobacco-taxes/ Legislators should cut spending instead of increasing tobacco taxes], website, 28 November 2001, accessed July 2019</ref>",none
buy cigarettes.,|- |,buy cigarettes. |- |,"<ref>K.Akina, [https://web.archive.org/web/20180821201058/https:/www.hawaiifreepress.com/ArticlesMain/tabid/56/ID/16645/Confucius-on-Hawaiirsquos-New-Smoking-Age.aspx Confucius got it right: more law is not the key to health & virtue],  ""Hawaii Free Press"", 6 January 2016, accessed July 2019</ref>",none
national defense.”,It has,national defense.” It has,"<ref>Heritage Foundation, [https://www.heritage.org/about-heritage/mission About Heritage], website, undated, accessed July 2019</ref>",none
IQOS product.,There is,IQOS product. There is,"<ref>FDA testimony, [https://www.fda.gov/media/111450/download Testimony], 25 January 2018, accessed July 2019</ref>",none
government waste”.,It has,government waste”. It has,"<ref>Idaho Freedom Foundation, [ https://idahofreedom.org/about-iff/ About IFF], web site, undated, accessed July 2019</ref>",none
care savings.,Its 2019,care savings. Its 2019,"<ref> B.Russell, [https://www.spokesman.com/blogs/boise/2018/feb/14/testimony-bad-our-business-serious-issue-dangerous-any-enemy/ Testimony: ‘Bad for our business’, ‘A serious issue’, ‘As dangerous as any enemy’],  ""The Spokesman-Review"", 14 February 2018, accessed July 2019</ref>",none
minor present.,The Foundation,minor present. The Foundation,"<ref>Idaho Freedom Foundation, [https://idahofreedom.org/freedom-index/#/ Freedom Index], website, undated, accessed July 2019</ref>",none
entrepreneurial spirit.”,It has,entrepreneurial spirit.” It has,"<ref>Illinois Policy Institute, [https://www.illinoispolicy.org/our-story/ Our Story], website, undated, accessed July 2019</ref>",none
telephone lines,and raising,telephone lines and raising,"<ref>N.Hamilton, [https://www.illinoispolicy.org/burning-illinois-tobacco-hotline-is-a-no-brainer/ The Tobacco Quitline’s admirable work is already being carried out at no cost to taxpayers], website, 12 June 2015, accessed July 2019</ref>",none
be needed.”,. It,be needed.” . It,"<ref>V.Caruso, [https://www.illinoispolicy.org/senate-bill-would-create-business-license-for-services-to-deliver-booze-too/ ILLINOIS LAWMAKERS REKINDLE EFFORTS TO RAISE TOBACCO PURCHASE AGE TO 21], website, 29 January 2019, accessed July 2019</ref>",none
[[Tobacco Smuggling]].,It hosts,[[Tobacco Smuggling]]. It hosts,"<ref>M.LaFaive and T.Nesbit, [https://web.archive.org/web/20190722135155/https://i2i.org/cigarette-smuggling-to-rocket-with-tobacco-tax-hike/ Cigarette smuggling to rocket with tobacco tax hike], website, 25 August 2016, accessed July 2019</ref>",none
the 1990s.,has received,the 1990s. has received,"<ref name=IJHPM>J.Smith, S.Thompson and K.Lee, [https://www.ncbi.nlm.nih.gov/pmc/articles/PMC5716244/ The Atlas Network: a “strategic ally” of the tobacco industry], ‘’International Journal of Health Planning and Management, 28 April 2016, accessed July 2019</ref>",IJHPM
of IQOS,and editorialising,of IQOS and editorialising,"<ref name=testimony>FDA Testimony, [https://web.archive.org/web/20180821214811/https:/www.fda.gov/downloads/AdvisoryCommittees/CommitteesMeetingMaterials/TobaccoProductsScientificAdvisoryCommittee/UCM599235.pdf Transcript], 25 January 2018, accessed July 2019</ref>",testimony
anti-e-cigarette propaganda.”,It accepted,anti-e-cigarette propaganda.” It accepted,"<ref>J.Gunlock, [https://web.archive.org/web/20190722140856/http://www.iwf.org/news/2806624/Michael-Bloomberg-should-embrace-vaping-to-support-World-No-Tobacco-Day Michael Bloomberg should embrace vaping to support World No Tobacco Day], website, 30 May 2018, accessed July 2019</ref>",none
several years,. |,several years . |,"<ref name=guardian/> and testified in favour of IQOS<ref name=testimony/>. Sal Nuzzo, vice president of policy at the Institute, has argued that regulations on e-cigarettes should be relaxed.<ref>S.Nuzzo and G.Bentley, [https://web.archive.org/web/20190722142148/https://www.jamesmadison.org/e-cigarettes-not-in-the-same-category-as-cigarettes/ E-cigarettes not in the same category as cigarettes],  ""Sun Sentinel"", 22 March 2019, accessed July 2019</ref>",guardian
from [[Altria]].,| '''MacIver,from [[Altria]]. | '''MacIver,"<ref name = guardian/> The center’s president, Andrew Cline, has argued that New Hampshire should not tax e-cigarettes as it does tobacco.<ref>A.Cline, [https://web.archive.org/web/20190722143044/https://jbartlett.org/2019/07/expanding-the-tobacco-tax-to-non-tobacco-products-is-bad-policy/ Expanding the tobacco tax to non-tobacco products is bad policy], website, 17 July 2019, accessed July 2019</ref>",guardian
around smuggling.,"<ref>Mackinac Center,","around smuggling. <ref>Mackinac Center,","<ref>T.Nesbit and M.LaFaive, [https://web.archive.org/web/20180821193726/https:/www.mackinac.org/an-empire-of-smuggled-smokes/ An empire of smuggled smokes], website, 24 March, 2017, accessed July 2019</ref>",none
July 2019</ref>,. In,July 2019</ref> . In,"<ref>Mackinac Center, [https://web.archive.org/web/20180724132739/https://www.mackinac.org/updated-research-highlights-impact-of-cigarette-tax-evasion Updated research highlights impact of cigarette tax evasion], website, 13 April 2018, accessed July 2019</ref>",none
illicit trade.,It has,illicit trade. It has,"<ref>M.LaFaive, T.Nesbit and S. Drenkard, [https://web.archive.org/web/20181013061801/https://www.mackinac.org/s2016-09 Cigarette Taxes and Smuggling: A 2016 Update], website, 9 January 2017, accessed July 2019</ref>",none
around e-cigarettes.,As far,around e-cigarettes. As far,"<ref>C.Hughes, [https://economics21.org/html/e-cigarettes-reduce-adult-smoking-3146.html E-Cigarettes reduce adult smoking],  ""E21"", 29 May 2018, accessed July 2019</ref>",none
and academics.,. It,and academics. . It,"<ref>UCSF, [https://www.industrydocuments.ucsf.edu/docs/#id=mrmg0093 Junk science and the courts: a conference], ""Tobacco Industry Documents"", June 1995, accessed July 2019</ref>",none
academic independence.,It often,academic independence. It often,"<ref>Mercatus Center, [https://www.mercatus.org/about About], website, undated, accessed July 2019</ref>",none
tax increases.,It has,tax increases. It has,"<ref>M.Lafaive, [https://www.mercatus.org/system/files/chapter_15.pdf Prohibition by price], “Mackinac Center for Public Policy”, 2018, accessed July 2019</ref>",none
unhappy with.,. The,unhappy with. . The,"<ref>J.Steir, [https://web.archive.org/web/20190724113715/https://nationalcenter.org/ncppr/2014/10/22/observers-press-kicked-out-of-united-nations-tobacco-conference-in-moscow/ Observers, press kicked out of United Nations tobacco conference in Moscow], website, 22 October 2014, accessed July 2019</ref>",none
of IQOS,It is,of IQOS It is,"<ref name=testimony/> and was considered a key ally of [[Philip Morris International]].<ref>Philip Morris, [https://www.industrydocuments.ucsf.edu/tobacco/docs/#id=zmmy0071 National Allies], ""Tobacco Industry Documents"", February 2000, accessed July 2019</ref>",testimony
in Nebraska.”,. The,in Nebraska.” . The,"<ref>Platte Institute, [https://web.archive.org/web/20190724114039/https://www.platteinstitute.org/about About], website, undated, accessed July 2019</ref>",none
economic growth.,. Three,economic growth. . Three,"<ref>A.Weinberg, [https://web.archive.org/web/20190724114135/https://www.platteinstitute.org/research/detail/highlights-of-the-2016-session Highlight of the 2016 session], website, 11 April 2016, accessed July 2019</ref>",none
overall budget.,It has,overall budget. It has,"<ref>M.McClellan, [https://web.archive.org/web/20190724114216/https://www.platteinstitute.org/research/detail/up-in-smoke-nebraskas-inappropriate-use-of-tobacco-settlement-funds Up in Smoke: Nebraska’s Inappropriate Use of Tobacco Settlement Funds], Website, 19 July 2019, accessed July 2019</ref>",none
least 2017.,| '''R,least 2017. | '''R,"<ref>Altria, [https://web.archive.org/web/20180821173125/https://www.altria.com/Responsibility/Investing-In-Communities/Documents/GranteesList.pdf 2017 grantees list], undated, accessed July 2019</ref>",none
coalition approach.,. It,coalition approach. . It,"<ref>R Street Institute, [https://www.rstreet.org/ homepage], undated, accessed July 2019</ref>",none
industry arguments.,That support,industry arguments. That support,"<ref>R Street Institute,[https://web.archive.org/web/20190724114430/https://www.rstreet.org/issue/harm-reduction/ Harm Reduction], website, undated, accessed July 2019</ref>",none
is listening”.,Although it,is listening”. Although it,"<ref>C.Wade, [https://web.archive.org/web/20190724114516/https://www.rstreet.org/2017/07/28/r-street-institute-applauds-new-fda-comprehensive-tobacco-and-nicotine-announcement/ R Street Institute applauds new FDA comprehensive tobacco and nicotine announcement], R Street website, 28 July 2017, accessed July 2019</ref>",none
since 2014.,<ref name,since 2014. <ref name,"<ref>Altria, [https://web.archive.org/web/20180821173125/https:/www.altria.com/Responsibility/Investing-In-Communities/Documents/GranteesList.pdf grantees list], undated, accessed July 2019</ref>",none
and progress.”,. The,and progress.” . The,"<ref>Reason Foundation, [https://reason.org/about-reason-foundation/ About], undated, accessed July 2019</ref>",none
"tobacco taxes,",and raising,"tobacco taxes, and raising","<ref>A.Moore and S.Purnell, [https://web.archive.org/web/20190724114639/https://reason.org/commentary/californias-proposition-56-cigarette-tax-to-fund-health-care-tobacco-use-prevention-research-and-law-enforcement/California’s Proposition 56: Cigarette Tax to Fund Health Care, Tobacco Use Prevention, Research, and Law Enforcement], 17 October 2016, accessed July 2019</ref>",none
Smith Institute]].,. The,Smith Institute]]. . The,"<ref>Reason Foundation, [https://web.archive.org/web/20190724114921/https://reason.org/author/guy-bentley/ Guy Bentley], website, undated, accessed July 2019</ref>",none
on flavours.,"<ref>G.Bentley, [https://web.archive.org/web/20190724115050/https://reason.org/harm-reduction/nicotine-and-harm-reduction-newsletter-june-2019/","on flavours. <ref>G.Bentley, [https://web.archive.org/web/20190724115050/https://reason.org/harm-reduction/nicotine-and-harm-reduction-newsletter-june-2019/","<ref>P.Lemieux, [https://web.archive.org/web/20190724115004/https://reason.org/policy-study/consumer-surplus-in-the-fdas-tobacco-regulations/ Consumer Surplus in the FDA’s Tobacco Regulations], 27 June 2019, accessed July 2019</ref>",none
July 2019</ref>,. The,July 2019</ref> . The,"<ref>G.Bentley,  [https://web.archive.org/web/20190724115050/https://reason.org/harm-reduction/nicotine-and-harm-reduction-newsletter-june-2019/ Harm reduction advocates have won a series of victories defeating flavor bans in Illinois, Connecticut, Maine, and New York], website, 28 June 2019, accessed July 2019</ref>",none
New Mexico.,. The,New Mexico. . The,"<ref>Rio Grande Foundation, [https://www.riograndefoundation.org/about-the-rio-grande-foundation/ Home page], website, undated, accessed July 2019</ref>",none
upper-income consumers.”,The Foundation,upper-income consumers.” The Foundation,"<ref>D.Muska, [https://web.archive.org/save/https://www.riograndefoundation.org/new-mexico-liberals-tax-hypocrisy/ New Mexico liberals’ tax hypocrisy], website, 12 March 2016, accessed July 2019</ref>",none
until 2018.,| '''State,until 2018. | '''State,"<ref>Altria, [https://web.archive.org/web/20190724115223/http://www.altria.com/Responsibility/Investing-In-Communities/Documents/GranteesList.pdf 2018 grantees list], website undated, accessed July 2019</ref>",none
"across America,",many of,"across America, many of","<ref>State Policy Network, [https://spn.org/directory/ Directory], website undated, accessed July 2019</ref>",none
States near?”,The network’s,States near?” The network’s,"<ref>State Policy Network, [https://web.archive.org/save/https://spn.org/meeting/spn-27th-annual-meeting/#agenda Annual Meeting Agenda], website, undated, accessed July 2019</ref>",none
the 1990s,and up,the 1990s and up,"<ref>R.Wilce, [https://www.prwatch.org/news/2013/11/12316/state-policy-networks-cozy-relationship-big-tobacco State Policy Networks cosy relationship with big tobacco],  ""PRWatch"", 16 December 2013, accessed July 2019</ref>",none
"from Altria,",though it,"from Altria, though it","<ref>Altria, [https://web.archive.org/web/20190724115223/http://www.altria.com/Responsibility/Investing-In-Communities/Documents/GranteesList.pdf 2018 Grantees List], website, undated, accessed July 2019</ref>",none
in 1937,the Foundation,in 1937 the Foundation,"<ref>Tax Foundation, [https://taxfoundation.org/about-us/ About Us], website, undated, accessed July 2019</ref>",none
increasing them.,It has,increasing them. It has,"<ref>Tax Foundation, [https://web.archive.org/web/20190724115700/https://taxfoundation.org/cigarette-tax-revenue-tool/ Cigarette tax as a revenue tool], accessed July 2019</ref>",none
smuggling rates.,. The,smuggling rates. . The,"<ref>S.Drenkard, [https://web.archive.org/web/20180827174801/https:/taxfoundation.org/cigarette-tax-cigarette-smuggling-2015/ Cigarette Taxes and Cigarette Smuggling by State, 2015], website, 6 November 2017, accessed July 2019</ref>",none
from corporations,but individual,from corporations but individual,"<ref>Tax Foundation, [https://taxfoundation.org/financials/ Financials], website, undated, accessed July 2019</ref>",none
of e-cigarettes,and lobbied,of e-cigarettes and lobbied,"<ref>TechFreedom, [https://techfreedom.org/congress-can-save-e-vapor-save-lives/ Congress can save e-vapor, save lives], website, 17 January 2017, accessed July 2019</ref>",none
International]]'s IQOS,. The,International]]'s IQOS . The,"<ref>Regulations.gov,[https://www.regulations.gov/document?D=FDA-2017-D-3001-0161 Comment from Graham Owens],3 January 2018, accessed July 2019</ref>",none
policy issues.”,It publishes,policy issues.” It publishes,"<ref>Thomas Jefferson Institute for Public Policy, [https://www.thomasjeffersoninst.org/mission.php Mission], website, undated, accessed July 2019</ref>",none
meet projections.,The front,meet projections. The front,"<ref>Thomas Jefferson Institute, [http://www.thomasjeffersoninst.org/files/3/2019_cig_tax_study.pdf Cigarette Tax Study], April 2019, accessed July 2019</ref>",none
free-market solutions.,It has,free-market solutions. It has,"<ref>Washington Policy Center, [https://www.washingtonpolicy.org/ web site], undated, accessed July 2019</ref>",none
in smuggling.,It has,in smuggling. It has,"<ref>M.Lafaive and T.Nesbit, [https://web.archive.org/web/20180821215508/https:/www.washingtonpolicy.org/publications/detail/tax-hike-on-cigarettes-would-exacerbate-an-already-large-smuggling-problem-in-washington-state-and-offer-only-little-gains-to-public-health Tax hike on cigarettes would exacerbate an already large smuggling problem in Washington state and offer only little gains to public health], 25 March 2015, accessed July 2019</ref>",none
[[Atlas Network]].,They were,[[Atlas Network]]. They were,"<ref>CEDICE, [https://cedice.org.ve/conoce/aliados/ Allies and Partners], undated, accessed July 2019</ref>",none
in 2018.,| '''Contribuyentes,in 2018. | '''Contribuyentes,"<ref>Free-Market groups and the tobacco industry, [https://web.archive.org/save/https://www.theguardian.com/world/ng-interactive/2019/jan/23/free-market-thinktanks-tobacco-control-polices-database#null/?null CEDICE], 2019, accessed July 2019 </ref>",none
libertarian values.,This think,libertarian values. This think,"<ref> Contribuyentes por Respeto, [https://web.archive.org/save/https://tucontribuyes.com/quienes-somos/ About us], undated, accessed July 2019 </ref>",none
in Peru.,It opposed,in Peru. It opposed,"<ref> Contribuyentes por Respeto, [http://web.archive.org/web/20190724160441/http://www2.congreso.gob.pe/Sicr/ApoyComisiones/comision2011.nsf/DictamenesFuturo/D2E1075D089BB07005257B2D0073C769/$FILE/DEFEN.CONSUM_1004-2011-CR_1613.1708-2012-CR_Txt.Fav.Sust.May.pdf Tobacco control Act 2012 Peru], 2012, accessed July 2019 </ref>",none
of e-cigarettes.,| '''Fundación,of e-cigarettes. | '''Fundación,"<ref>Free-Market groups and the tobacco industry, [https://web.archive.org/save/https://www.theguardian.com/world/ng-interactive/2019/jan/23/free-market-thinktanks-tobacco-control-polices-database#null/?null Contribuyentes por Respeto], 2019, accessed July 2019 </ref>",none
free-market principles,which co-signed,free-market principles which co-signed,"<ref> Fundación Atlas, [https://web.archive.org/save/https://www.fundacionatlas.org/index.php About us], undated, accessed July 2019 </ref>",none
[[Atlas Network]].,|- |,[[Atlas Network]]. |- |,"<ref>Free-Market groups and the tobacco industry,[https://web.archive.org/save/https://www.theguardian.com/world/ng-interactive/2019/jan/23/free-market-thinktanks-tobacco-control-polices-database#null/?null Fundacion Atlas 1853], 2019, accessed July 2019 </ref>",none
in 2018.,It mirrored,in 2018. It mirrored,"<ref>Free-Market groups and the tobacco industry, [https://web.archive.org/save/https://www.theguardian.com/world/ng-interactive/2019/jan/23/free-market-thinktanks-tobacco-control-polices-database#null/?null Fundacion Eleutera], 2019, accessed July 2019 </ref>",none
[[Atlas Network]].,| '''Fundación,[[Atlas Network]]. | '''Fundación,"<ref> Fundación Eleutera,[https://web.archive.org/web/20190724152414/http://www.eleutera.org/ Fundación Eleutera], undated, accessed July 2019 </ref>",none
not listed.,It is,not listed. It is,"<ref> Fundacion Libertad, [https://web.archive.org/save/http://libertad.org.ar/web/socios.php Members and Partners], undated, accessed July 2019 </ref>",none
in 2018.,| '''Fundación,in 2018. | '''Fundación,"<ref>Free-Market groups and the tobacco industry, [https://web.archive.org/save/https://www.theguardian.com/world/ng-interactive/2019/jan/23/free-market-thinktanks-tobacco-control-polices-database#null/?null Fundacion Libertad], 2019, accessed July 2019 </ref>",none
from them.,It does,from them. It does,"<ref> Fundacion para el Progreso, [https://web.archive.org/save/http://fppchile.org/es/redes/ Networks and allies], undated, accessed July 2019</ref>",none
in 2018.,|- |,in 2018. |- |,"<ref>Free-Market groups and the tobacco industry, [https://web.archive.org/save/https://www.theguardian.com/world/ng-interactive/2019/jan/23/free-market-thinktanks-tobacco-control-polices-database#null/?null Fundacion para el Progreso],2019, accessed July 2019 </ref>",none
Hans Seidel.,"Carlos Caceres,","Hans Seidel. Carlos Caceres,","<ref> Libertad y Desarrollo, [https://web.archive.org/save/https://lyd.org/quienes-somos/ Libertad y Desarrollo], undated, accessed July 2019</ref>",none
in 2014.,[[British American,in 2014. [[British American,"<ref> Carlos F. Caceres en BAT, [https://web.archive.org/save/https://www.bloomberg.com/profile/person/1715208 Carlos F. Caceres en BAT], 2014, accessed July 2019 </ref>",none
in 2013.,Chilean news,in 2013. Chilean news,"<ref>Free-Market groups and the tobacco industry,[https://web.archive.org/save/https://www.theguardian.com/world/ng-interactive/2019/jan/23/free-market-thinktanks-tobacco-control-polices-database#null/?null Libertad y Desarrollo],2019, accessed July 2019 </ref>",none
in 2014.,| '''Libertad,in 2014. | '''Libertad,"<ref> Arellano, Alberto, [https://web.archive.org/web/20180820183556/https://ciperchile.cl/2014/03/04/lobby-el-nexo-financiero-entre-la-british-american-tobacco-chile-y-el-instituto-libertad-y-desarrollo/ Link between BAT and Libertad y Desarrollo], 04 April 2014, accessed July 2019 </ref>",none
the country”.,Libertad y,the country”. Libertad y,"<ref>Libertad y Progreso, [https://web.archive.org/save/https://www.donaronline.org/fundacion-libertad-y-progreso/colabora-con-libertad-y-progreso Donations and Funding], undated, accessed July 2019 </ref>",none
plain packaging.,It is,plain packaging. It is,"<ref>Free-Market groups and the tobacco industry, [https://web.archive.org/save/https://www.theguardian.com/world/ng-interactive/2019/jan/23/free-market-thinktanks-tobacco-control-polices-database#null/?null Libertad y Progeso],2019, accessed July 2019</ref>",none
among others.,It has,among others. It has,"<ref>ICPS, [http://www.icps.com.ua/en/about-icps/ About ICPS], undated, accessed January 2020 </ref>",none
in Ukraine.,Both ICPS,in Ukraine. Both ICPS,"<ref> Philip Morris International,[ https://web.archive.org/web/20200124110734/https://www.pmi.com/resources/docs/default-source/our_company/charitable-2014.pdf?sfvrsn=0 PMI Charitable Contributions 2014], 2014, accessed January 2020 </ref>",none
Tobacco Harm”.,|- |,Tobacco Harm”. |- |,"<ref> ICPS, [https://issuu.com/icps5/docs/tobacco_research Tobacco Research ICPS], 10 December 2014, accessed January 2020</ref>",none
the Network.,. The,the Network. . The,"<ref>UEFF, [https://web.archive.org/web/20190724100827/https://ueff.org/en/about-ueff/30-team/105-jed-sunden Jed Sunden], undated, accessed July 2019</ref>",none
and 2018,to lobby,and 2018 to lobby,"<ref name=PRAeighteen>PRA Letter 2018, [https://www.propertyrightsalliance.org/wp-content/uploads/2018/03/2018-Global-Plain-Packaging-Coalition-to-WHO.pdf Plain Packaging Coalition], undated, accessed July 2019</ref>",PRAeighteen
n 2017.,|'''Warsaw Enterprise,n 2017. |'''Warsaw Enterprise,"<ref name=PMImoney>PMI, [https://www.pmi.com/resources/docs/default-source/our_company/charitable-contributions-2017.pdf?sfvrsn=86a487b5_2 Charitable Contributions], undated, accessed July 2019</ref>",PMImoney
packaging legislation.,. In,packaging legislation. . In,"<ref name=PRAeighteen/>. It is known that [[Philip Morris International]] gave the Institute $25,000 in 2017<ref name=PMImoney/> and $30,000 in 2018.<ref>PMI, [https://www.pmi.com/resources/docs/default-source/our_company/charitable-2018.pdf?sfvrsn=d97d91b5_2 Charitable donations 2018], undated, accessed July 2019</ref>",PRAeighteen
Philip Morris.,|- |},Philip Morris. |- |},"<ref>WEI, [https://web.archive.org/web/20190724102321/https://wei.org.pl/were-opening-the-liberty-lounge/ We’re opening the Freedom Lounge], 12 October 2018, accessed July 2019</ref>",none
in 2018.,The Center,in 2018. The Center,"<ref>PRA, [http://www.propertyrightsalliance.org/wp-content/uploads/2018/03/2018-Global-Plain-Packaging-Coalition-to-WHO.pdf Plain packaging letter 2018], undated, accessed July 2019</ref>",none
property rights.,| '''Egyptian,property rights. | '''Egyptian,"<ref>The Guardian database on free-market groups and tobacco industry, [https://web.archive.org/save/https://www.theguardian.com/world/ng-interactive/2019/jan/23/free-market-thinktanks-tobacco-control-polices-database#6/egyptian-center-for-public-policy-studies Center for Indonesian Policy Studies], 2019, accessed July 2019</ref>",none
it co-signed.,<ref>The Guardian,it co-signed. <ref>The Guardian,"<ref>PRA, [https://web.archive.org/web/20180327093640/http://www.competere.eu/public/news/international-coalition-letter-% 2016 WHO letter], undated, accessed July 2019</ref>",none
July 2019</ref>,", basing","July 2019</ref> , basing","<ref>The Guardian database on free-market groups and tobacco industry, [https://web.archive.org/save/https://www.theguardian.com/world/ng-interactive/2019/jan/23/free-market-thinktanks-tobacco-control-polices-database#6/egyptian-center-for-public-policy-studies Egyptian Center for Public Policy Studies], 2019, accessed July 2019</ref>",none
economic freedom,| '''Institute,economic freedom | '''Institute,"<ref> Egyptian Center for Public Policy Studies, [https://web.archive.org/save/http://www.ecpps.org/index.php/en/news/100-commentary/776-plain-packaging-a-big-threat-to-ip-rights-property-rights-alliance Plain Packaging opposition], 2016, accessed July 2019 </ref>",none
and op-eds.,. This,and op-eds. . This,"<ref>Institute of Public Affairs, [https://web.archive.org/save/https://ipa.org.au/about-us Institute of Public Affairs], undated, accessed July 2019 </ref>",none
among others.,. The,among others. . The,"<ref> Institute of Public Affairs, [https://web.archive.org/save/https://ipa.org.au/?s=tobacco Tobacco history], multiple dates, accessed July 2019 </ref>",none
early 2000.,|- |,early 2000. |- |,"<ref> The Guardian database on free market groups and tobacco industry,[https://web.archive.org/save/https://www.theguardian.com/world/ng-interactive/2019/jan/23/free-market-thinktanks-tobacco-control-polices-database#2/?institute-of-public-affairs IPA], 2019, accessed July 2019 </ref>",none
the country.,| [[Free,the country. | [[Free,"<ref>INDEF, [https://web.archive.org/save/https://indef.or.id/update/detail/mau-kemana-industri-hasil-tembakau-pasca-pmk-146-2017 Post-PMK 146/2017: Tobacco Industry], August 2018, accessed July 2019 </ref>",none
South Africa,. It,South Africa . It,"<ref> Free Market Foundation, [https://web.archive.org/save/https://www.freemarketfoundation.com/article-view/feature-article-tobacco-control-in-south-africa-the-fctc-and-lessons-from-other-countries Tobacco control opposition], multiple dates, accessed July 2019 </ref>",none
plain packaging.,"<ref>PRA, [http://www.propertyrightsalliance.org/wp-content/uploads/2018/03/2018-Global-Plain-Packaging-Coalition-to-WHO.pdf","plain packaging. <ref>PRA, [http://www.propertyrightsalliance.org/wp-content/uploads/2018/03/2018-Global-Plain-Packaging-Coalition-to-WHO.pdf","<ref>PRA, [https://web.archive.org/web/20180327093640/http://www.competere.eu/public/news/international-coalition-letter-% 2016 WHO letter], undated, accessed July 2019</ref>",none
July 2019</ref>,| |-,July 2019</ref> | |-,"<ref>PRA, [http://www.propertyrightsalliance.org/wp-content/uploads/2018/03/2018-Global-Plain-Packaging-Coalition-to-WHO.pdf Plain packaging letter 2018], undated, accessed July 2019</ref>",none
Tobacco International]],<ref> Institute,Tobacco International]] <ref> Institute,"<ref>SEATCA, [https://web.archive.org/web/20180821154251/https://tobaccowatch.seatca.org/index.php/2018/04/13/plain-packaging-advances-libertarian-groups-resume-opposition/ Plain packaging advances libertarian groups resume opposition], website, 13 April 2018, accessed July 2019</ref>",none
July 2019</ref>,<ref name=IDEA>The,July 2019</ref> <ref name=IDEA>The,"<ref> Institute for Democracy and Economic Affairs, [https://web.archive.org/save/http://www.ideas.org.my/about/funding/ IDEA Funding], 2018, accessed July 2019 </ref>",none
2019 </ref>,. IDEA,2019 </ref> . IDEA,"<ref name=IDEA>The Guardian database of free market groups and tobacco industry, [https://web.archive.org/save/https://www.theguardian.com/world/ng-interactive/2019/jan/23/free-market-thinktanks-tobacco-control-polices-database#3/?institute-for-democracy-and-economic-affairs-(ideas) Institute for Democracy and Economic Affairs], 2019, accessed July 2019 </ref>",IDEA
global level.,". Moreover,","global level. . Moreover,","<ref> Imani Center, [https://web.archive.org/save/https://imaniafrica.org/2014/11/21/budget-2015/ Imani], 2016, accessed July 2019 </ref>",none
in 2015.,| |-,in 2015. | |-,"<ref> The Guardian database on free market groups and tobacco industry, [https://web.archive.org/save/https://www.theguardian.com/world/ng-interactive/2019/jan/23/free-market-thinktanks-tobacco-control-polices-database#1/?imani-center-for-policy-and-education Imani Center], 2019, accessed July 2019 </ref>",none
[[Atlas Network]],. PRIME,[[Atlas Network]] . PRIME,"<ref> Atlas Network, [https://web.archive.org/save/https://www.atlasnetwork.org/partners/global-directory/policy-research-institute-of-market-economy Prime], undated, accessed July 2019 </ref>",none
and 2018.,"<ref>PRA, [http://www.propertyrightsalliance.org/wp-content/uploads/2018/03/2018-Global-Plain-Packaging-Coalition-to-WHO.pdf","and 2018. <ref>PRA, [http://www.propertyrightsalliance.org/wp-content/uploads/2018/03/2018-Global-Plain-Packaging-Coalition-to-WHO.pdf","<ref>PRA, [https://web.archive.org/web/20180327093640/http://www.competere.eu/public/news/international-coalition-letter-% 2016 WHO letter], undated, accessed July 2019</ref>",none
July 2019</ref>,| |,July 2019</ref> | |,"<ref>PRA, [http://www.propertyrightsalliance.org/wp-content/uploads/2018/03/2018-Global-Plain-Packaging-Coalition-to-WHO.pdf Plain packaging letter 2018], undated, accessed July 2019</ref>",none
